--
-- Test data for table `author`
--

INSERT INTO `author` (`id`, `name`) VALUES
(1, 'Терри Пратчетт'),
(2, 'Нил Гейман');

--
-- Test data for table `book`
--

INSERT INTO `book` (`id`, `name_en`, `name_ru`) VALUES
(1, 'The Colour of Magic', 'Цвет волшебства'),
(2, 'The Light Fantastic', 'Безумная звезда'),
(3, 'Equal Rites', 'Творцы заклинаний'),
(4, 'Mort', 'Мор, ученик Смерти'),
(5, 'Sourcery', 'Посох и шляпа'),
(6, 'Wyrd Sisters', 'Вещие сестрички'),
(7, 'Pyramids', 'Пирамиды'),
(8, 'Guards! Guards!', 'Стража! Стража!'),
(9, 'Eric', 'Эрик, а также Ночная стража, ведьмы и Коэн-Варвар'),
(10, 'Moving Pictures', 'Движущиеся картинки'),
(11, 'Reaper man', 'Мрачный Жнец'),
(12, 'Witches Abroad', 'Ведьмы за границей'),
(13, 'Small Gods', 'Мелкие боги'),
(14, 'Lords and Ladies', 'Дамы и господа'),
(15, 'Men at Arms', 'К оружию! К оружию!'),
(16, 'Soul Music', 'Роковая музыка'),
(17, 'Interesting Times', 'Интересные времена'),
(18, 'Maskerade', 'Маскарад'),
(19, 'Feet of Clay', 'Ноги из глины'),
(20, 'Hogfather', 'Санта-Хрякус'),
(21, 'Jingo', 'Патриот'),
(22, 'Last Continent', 'Последний континент'),
(23, 'Carpe Jugulum', 'Carpe Jugulum. Хватай за горло'),
(24, 'The Fifth Elephant', 'Пятый элефант'),
(25, 'The Truth', 'Правда'),
(26, 'Thief of Time', 'Вор времени'),
(27, 'The Last Hero', 'Последний герой'),
(28, 'The Amazing Maurice and His Educated Rodents', 'Изумительный Морис и его учёные грызуны'),
(29, 'Night Watch', 'Ночная стража'),
(30, 'The Wee Free Men', 'Маленький свободный народец'),
(31, 'Monstrous Regiment', 'Пехотная баллада'),
(32, 'A Hat Full of Sky', 'Шляпа, полная неба'),
(33, 'Going Postal', 'Держи марку!'),
(34, 'Thud!', 'Шмяк!'),
(35, 'Wintersmith', 'Господин Зима'),
(36, 'Making Money', 'Делай деньги'),
(37, 'Unseen Academicals', 'Незримые академики'),
(38, 'I Shall Wear Midnight', 'Платье цвета полуночи'),
(39, 'Snuff	', 'Дело табак'),
(40, 'Raising Steam', 'Поддай пару!'),
(41, 'The Shepherd’s Crown', 'Пастушья корона'),
(42, 'Good Omens', 'Благие знамения'),
(43, 'Neverwhere', 'Никогде'),
(44, 'Stardust', 'Звёздная пыль'),
(45, 'American Gods', 'Американские боги'),
(46, 'Anansi Boys', 'Сыновья Ананси'),
(47, 'The Graveyard Book', 'История c кладбищем'),
(48, 'The Ocean at the End of the Lane', 'Океан в конце дороги'),
(49, 'Smoke and Mirrors', 'Дым и зеркала'),
(50, 'Fragile Things: Short Fictions and Wonders', 'Хрупкие вещи'),
(51, 'Trigger Warning: Short Fictions and Disturbances', 'Осторожно, триггеры'),
(52, 'Norse Mythology', 'Скандинавские боги');

--
-- Test data for table `book_author`
--

INSERT INTO `book_author` (`book_id`, `author_id`) VALUES
(1, 1),
(2, 1),
(3, 1),
(4, 1),
(5, 1),
(6, 1),
(7, 1),
(8, 1),
(9, 1),
(10, 1),
(11, 1),
(12, 1),
(13, 1),
(14, 1),
(15, 1),
(16, 1),
(17, 1),
(18, 1),
(19, 1),
(20, 1),
(21, 1),
(22, 1),
(23, 1),
(24, 1),
(25, 1),
(26, 1),
(27, 1),
(28, 1),
(29, 1),
(30, 1),
(31, 1),
(32, 1),
(33, 1),
(34, 1),
(35, 1),
(36, 1),
(37, 1),
(38, 1),
(39, 1),
(40, 1),
(41, 1),
(42, 1),
(42, 2),
(43, 2),
(44, 2),
(45, 2),
(46, 2),
(47, 2),
(48, 2),
(49, 2),
(50, 2),
(51, 2),
(52, 2);
